{"cameraMode":{"drawMode":0,"name":"Shaded","section":"Shading Mode"},"sceneLighting":true,"audioPlay":false,"sceneViewState":{"m_AlwaysRefresh":false,"showFog":true,"showSkybox":true,"showFlares":true,"showImageEffects":true,"showParticleSystems":true,"showVisualEffectGraphs":true,"m_FxEnabled":true},"in2DMode":false,"pivot":{"x":3.9401803016662599,"y":0.7249668836593628,"z":0.18994522094726563},"rotation":{"x":-0.056538891047239307,"y":0.9350804090499878,"z":-0.30346423387527468,"w":-0.1742151975631714},"size":1.5726622343063355,"orthographic":false}